iter	Logloss
0	0.2219778924
1	0.1612939733
2	0.1433086474
3	0.1393100425
4	0.137747759
5	0.1361908357
6	0.1357406237
7	0.1346911402
8	0.1331064621
9	0.1326225103
